{
  "label": "baseline_seed42",
  "proxy_energy": [
    9661.6357421875,
    8686.5537109375,
    8652.78515625,
    20308.603515625,
    17923.912109375,
    19236.609375,
    17434.328125,
    8877.2529296875,
    17288.6171875,
    18464.03125,
    19204.90625,
    18136.060546875,
    19626.4140625,
    9472.677734375,
    8826.884765625,
    8864.50390625,
    9426.4931640625,
    9811.9970703125,
    8551.3271484375,
    10089.271484375,
    17966.333984375,
    8574.455078125,
    8436.1611328125,
    8299.6103515625,
    18714.578125,
    8400.89453125,
    8975.6162109375,
    17664.943359375,
    9732.1044921875,
    19642.017578125,
    8878.3701171875,
    9590.701171875,
    10226.546875,
    19759.3203125,
    19337.8828125,
    18639.1875,
    17844.28515625,
    20522.283203125,
    17413.81640625,
    18842.5703125,
    18056.923828125,
    9085.3212890625,
    9803.8212890625,
    9309.955078125,
    17421.11328125,
    19580.48828125,
    19480.392578125,
    9357.38671875,
    8607.076171875,
    8804.8388671875
  ],
  "true_energy": [
    11941.9921875,
    3458.740966796875,
    4641.34521484375,
    20671.736328125,
    22189.515625,
    10565.0341796875,
    11149.9091796875,
    4391.564453125,
    11889.0458984375,
    9089.560546875,
    9478.318359375,
    19706.90625,
    10261.1044921875,
    8859.9921875,
    4854.18359375,
    7561.66748046875,
    7991.37109375,
    7975.16064453125,
    3532.137451171875,
    10401.744140625,
    14021.8046875,
    4427.82421875,
    3163.640625,
    3232.100830078125,
    12078.818359375,
    4008.085205078125,
    6106.728515625,
    13764.4365234375,
    9596.8701171875,
    20325.0703125,
    7949.205078125,
    7254.2783203125,
    16182.1650390625,
    12972.6123046875,
    10006.5400390625,
    8963.9111328125,
    10157.267578125,
    8924.7412109375,
    13152.05859375,
    25178.50390625,
    7447.6513671875,
    6116.41162109375,
    6059.41943359375,
    9519.853515625,
    6736.79248046875,
    17659.67578125,
    13157.1337890625,
    7428.39013671875,
    3778.699951171875,
    4068.178466796875
  ],
  "lengths": [
    250.0,
    250.0,
    250.0,
    250.0,
    250.0,
    250.0,
    250.0,
    250.0,
    250.0,
    250.0,
    250.0,
    250.0,
    250.0,
    250.0,
    250.0,
    250.0,
    250.0,
    250.0,
    250.0,
    250.0,
    250.0,
    250.0,
    250.0,
    250.0,
    250.0,
    250.0,
    250.0,
    250.0,
    250.0,
    250.0,
    250.0,
    250.0,
    250.0,
    250.0,
    250.0,
    250.0,
    250.0,
    250.0,
    250.0,
    250.0,
    250.0,
    250.0,
    250.0,
    250.0,
    250.0,
    250.0,
    250.0,
    250.0,
    250.0,
    250.0
  ]
}