{
  "label": "baseline_seed456",
  "proxy_energy": [
    10541.2060546875,
    17099.919921875,
    11020.1982421875,
    17783.3203125,
    11384.369140625,
    10675.98828125,
    9062.1884765625,
    13179.25390625,
    12634.833984375,
    9097.8408203125,
    9643.83984375,
    19653.822265625,
    18731.82421875,
    11848.513671875,
    10241.837890625,
    12281.4990234375,
    19232.8671875,
    10903.78125,
    10061.5966796875,
    18454.578125,
    9400.591796875,
    17062.951171875,
    10410.1552734375,
    21175.197265625,
    12768.951171875,
    17748.6171875,
    9674.4228515625,
    9370.2021484375,
    17691.02734375,
    12842.77734375,
    11489.279296875,
    19689.548828125,
    11612.328125,
    18096.796875,
    10625.9345703125,
    12298.7705078125,
    9712.9580078125,
    20823.587890625,
    11679.4384765625,
    12054.876953125,
    9435.3359375,
    19893.873046875,
    17063.314453125,
    11387.6513671875,
    11744.5869140625,
    11122.9404296875,
    20769.0390625,
    11085.5341796875,
    9058.0146484375,
    19446.861328125
  ],
  "true_energy": [
    9561.8564453125,
    5694.8359375,
    14934.7138671875,
    5047.98779296875,
    11672.095703125,
    6580.841796875,
    4816.59619140625,
    15392.953125,
    11560.583984375,
    5111.4052734375,
    7370.0986328125,
    5086.0537109375,
    8926.3505859375,
    15878.744140625,
    7058.72119140625,
    14083.9287109375,
    7842.92578125,
    13510.42578125,
    6539.6142578125,
    5022.419921875,
    5580.75537109375,
    5736.35205078125,
    6544.1806640625,
    7901.2685546875,
    16624.287109375,
    4669.958984375,
    8671.4580078125,
    5396.1689453125,
    8648.14453125,
    14004.2939453125,
    11214.837890625,
    6747.31298828125,
    14619.830078125,
    4430.17431640625,
    9580.9794921875,
    12480.705078125,
    7568.9033203125,
    6623.70068359375,
    16459.9765625,
    11666.4052734375,
    5953.88134765625,
    5831.99462890625,
    8265.2490234375,
    13413.16015625,
    9547.873046875,
    13114.158203125,
    6375.86572265625,
    15422.35546875,
    6039.0537109375,
    6951.7958984375
  ],
  "lengths": [
    250.0,
    250.0,
    250.0,
    250.0,
    250.0,
    250.0,
    250.0,
    250.0,
    250.0,
    250.0,
    250.0,
    250.0,
    250.0,
    250.0,
    250.0,
    250.0,
    250.0,
    250.0,
    250.0,
    250.0,
    250.0,
    250.0,
    250.0,
    250.0,
    250.0,
    250.0,
    250.0,
    250.0,
    250.0,
    250.0,
    250.0,
    250.0,
    250.0,
    250.0,
    250.0,
    250.0,
    250.0,
    250.0,
    250.0,
    250.0,
    250.0,
    250.0,
    250.0,
    250.0,
    250.0,
    250.0,
    250.0,
    250.0,
    250.0,
    250.0
  ]
}