{
  "label": "baseline_seed123",
  "proxy_energy": [
    9163.5126953125,
    18726.54296875,
    9511.482421875,
    17457.5078125,
    9641.2626953125,
    8417.388671875,
    8368.4619140625,
    9027.3681640625,
    15307.890625,
    8403.32421875,
    19468.361328125,
    8176.09619140625,
    8702.6171875,
    8803.341796875,
    8206.5888671875,
    8313.123046875,
    9353.587890625,
    9213.28125,
    22081.275390625,
    9851.986328125,
    11996.001953125,
    10625.9296875,
    18975.634765625,
    9462.509765625,
    9009.1015625,
    8600.7578125,
    9453.4873046875,
    9066.337890625,
    19198.37890625,
    8339.8505859375,
    9351.220703125,
    8870.0537109375,
    8414.6181640625,
    8260.2763671875,
    9560.9306640625,
    14995.271484375,
    8482.166015625,
    8443.94140625,
    9622.443359375,
    8764.0615234375,
    7065.22900390625,
    9011.201171875,
    8708.796875,
    8599.59765625,
    8351.0859375,
    9020.58203125,
    8441.7177734375,
    8867.3720703125,
    8828.0869140625,
    8507.4765625
  ],
  "true_energy": [
    13099.712890625,
    11898.583984375,
    7336.92529296875,
    11895.8603515625,
    10736.9248046875,
    4008.9736328125,
    4087.83203125,
    7142.29150390625,
    16209.39453125,
    4197.376953125,
    17216.033203125,
    3925.177490234375,
    4656.06787109375,
    4804.84326171875,
    3935.6689453125,
    4049.727294921875,
    8991.515625,
    7990.1376953125,
    14088.564453125,
    11960.61328125,
    19639.783203125,
    17206.408203125,
    11366.095703125,
    9271.0283203125,
    6557.05029296875,
    5598.65966796875,
    12675.609375,
    7402.08251953125,
    13252.2041015625,
    4133.86181640625,
    6454.33349609375,
    5651.318359375,
    4381.21044921875,
    4224.6533203125,
    8240.7265625,
    17375.1484375,
    3721.392333984375,
    4426.07666015625,
    7493.060546875,
    4312.69970703125,
    3939.10302734375,
    9745.587890625,
    5483.6279296875,
    4392.57861328125,
    3952.287841796875,
    5546.966796875,
    4205.50732421875,
    5923.974609375,
    5453.78662109375,
    4152.6064453125
  ],
  "lengths": [
    250.0,
    250.0,
    250.0,
    250.0,
    250.0,
    250.0,
    250.0,
    250.0,
    250.0,
    250.0,
    250.0,
    250.0,
    250.0,
    250.0,
    250.0,
    250.0,
    250.0,
    250.0,
    250.0,
    250.0,
    250.0,
    250.0,
    250.0,
    250.0,
    250.0,
    250.0,
    250.0,
    250.0,
    250.0,
    250.0,
    250.0,
    250.0,
    250.0,
    250.0,
    250.0,
    250.0,
    250.0,
    250.0,
    250.0,
    250.0,
    250.0,
    250.0,
    250.0,
    250.0,
    250.0,
    250.0,
    250.0,
    250.0,
    250.0,
    250.0
  ]
}