{
  "label": "jointeffortjerk42",
  "proxy_energy": [
    9157.90234375,
    8921.6708984375,
    9091.876953125,
    9239.173828125,
    21793.66796875,
    7519.16015625,
    8091.9599609375,
    8623.818359375,
    18581.390625,
    9130.4228515625,
    8825.4599609375,
    8908.5302734375,
    8103.41259765625,
    9183.1279296875,
    8894.7138671875,
    8507.5927734375,
    8872.2451171875,
    8850.29296875,
    8677.84375,
    9284.92578125,
    14287.423828125,
    8921.3935546875,
    8892.7802734375,
    9322.611328125,
    17096.46484375,
    8882.3671875,
    8584.6513671875,
    17100.67578125,
    9249.91796875,
    16710.814453125,
    17786.0234375,
    8787.9892578125,
    8721.732421875,
    17474.25,
    18020.712890625,
    18689.69921875,
    18127.095703125,
    8290.40625,
    18587.501953125,
    17448.962890625,
    19615.162109375,
    8810.00390625,
    8851.8798828125,
    9238.5390625,
    17335.3046875,
    19063.486328125,
    17841.95703125,
    8843.6455078125,
    8538.990234375,
    17881.2734375
  ],
  "true_energy": [
    4036.55224609375,
    3510.7236328125,
    4849.7958984375,
    3754.327392578125,
    6474.93701171875,
    2591.126953125,
    3209.689697265625,
    3326.0283203125,
    3432.43212890625,
    4171.99267578125,
    3596.82177734375,
    3329.17578125,
    3296.474365234375,
    3430.948974609375,
    3326.322998046875,
    3134.588134765625,
    3888.5498046875,
    3012.86181640625,
    2928.742919921875,
    3707.54248046875,
    27923.94140625,
    3436.805908203125,
    3237.544677734375,
    3549.50048828125,
    3852.209228515625,
    3186.528076171875,
    3689.149658203125,
    3076.984619140625,
    3765.26611328125,
    2903.96630859375,
    3670.210693359375,
    2961.365966796875,
    2962.63330078125,
    4456.40673828125,
    3504.081787109375,
    4852.09765625,
    4028.24462890625,
    3048.338623046875,
    3970.310546875,
    3864.130126953125,
    4943.32958984375,
    3029.90771484375,
    2750.41748046875,
    3809.185791015625,
    2981.548583984375,
    4392.85302734375,
    4371.42431640625,
    3065.67822265625,
    3194.2646484375,
    3759.445068359375
  ],
  "lengths": [
    250.0,
    250.0,
    250.0,
    250.0,
    250.0,
    250.0,
    250.0,
    250.0,
    250.0,
    250.0,
    250.0,
    250.0,
    250.0,
    250.0,
    250.0,
    250.0,
    250.0,
    250.0,
    250.0,
    250.0,
    250.0,
    250.0,
    250.0,
    250.0,
    250.0,
    250.0,
    250.0,
    250.0,
    250.0,
    250.0,
    250.0,
    250.0,
    250.0,
    250.0,
    250.0,
    250.0,
    250.0,
    250.0,
    250.0,
    250.0,
    250.0,
    250.0,
    250.0,
    250.0,
    250.0,
    250.0,
    250.0,
    250.0,
    250.0,
    250.0
  ]
}