{
  "label": "jointeffortjerk456",
  "proxy_energy": [
    8704.9248046875,
    20058.66015625,
    8727.5673828125,
    17228.685546875,
    9729.111328125,
    8440.2568359375,
    9312.21875,
    8490.955078125,
    8413.5419921875,
    8967.2529296875,
    8914.2685546875,
    7641.1298828125,
    17840.935546875,
    8376.9521484375,
    8794.8984375,
    8691.0400390625,
    6997.9697265625,
    8774.8525390625,
    17954.35546875,
    17634.146484375,
    8875.935546875,
    17507.099609375,
    8573.3359375,
    17299.376953125,
    8564.5322265625,
    6810.439453125,
    8770.5595703125,
    8739.375,
    5986.25244140625,
    18169.388671875,
    8551.6005859375,
    19715.19140625,
    9526.767578125,
    17954.9609375,
    8572.6884765625,
    8637.0078125,
    8818.1552734375,
    17694.666015625,
    9667.4716796875,
    8519.974609375,
    7125.783203125,
    17136.322265625,
    8723.123046875,
    18054.19921875,
    19951.279296875,
    8391.8427734375,
    17927.939453125,
    8760.7529296875,
    8904.3525390625,
    20707.548828125
  ],
  "true_energy": [
    4429.66552734375,
    6303.26611328125,
    4443.3623046875,
    3293.37548828125,
    12687.7568359375,
    3259.441650390625,
    11949.0244140625,
    3270.85986328125,
    4593.8271484375,
    7279.1318359375,
    12607.9736328125,
    9259.5302734375,
    4561.95654296875,
    3246.089111328125,
    5815.08349609375,
    5246.8349609375,
    5893.5341796875,
    4969.51171875,
    6131.56640625,
    3124.311279296875,
    5806.4921875,
    4639.0087890625,
    4126.50048828125,
    4706.673828125,
    3464.55224609375,
    7122.3369140625,
    6118.47412109375,
    5480.591796875,
    7513.50732421875,
    5804.10791015625,
    4084.82080078125,
    6942.00146484375,
    11689.220703125,
    3408.49560546875,
    4498.376953125,
    4209.1328125,
    6326.1298828125,
    3572.70751953125,
    11564.4765625,
    3645.9775390625,
    7614.412109375,
    3655.205322265625,
    4254.13818359375,
    5341.4658203125,
    5680.61181640625,
    3440.995361328125,
    4308.494140625,
    4689.013671875,
    4508.21826171875,
    6696.5888671875
  ],
  "lengths": [
    250.0,
    250.0,
    250.0,
    250.0,
    250.0,
    250.0,
    250.0,
    250.0,
    250.0,
    250.0,
    250.0,
    250.0,
    250.0,
    250.0,
    250.0,
    250.0,
    250.0,
    250.0,
    250.0,
    250.0,
    250.0,
    250.0,
    250.0,
    250.0,
    250.0,
    250.0,
    250.0,
    250.0,
    250.0,
    250.0,
    250.0,
    250.0,
    250.0,
    250.0,
    250.0,
    250.0,
    250.0,
    250.0,
    250.0,
    250.0,
    250.0,
    250.0,
    250.0,
    250.0,
    250.0,
    250.0,
    250.0,
    250.0,
    250.0,
    250.0
  ]
}