{
  "label": "jointeffort456",
  "proxy_energy": [
    9292.9169921875,
    19338.25,
    9359.052734375,
    19381.57421875,
    8981.287109375,
    9114.1083984375,
    8794.9599609375,
    9011.89453125,
    9135.615234375,
    8887.63671875,
    9459.4111328125,
    17766.759765625,
    10982.693359375,
    9333.9130859375,
    13271.53125,
    8996.859375,
    10486.08203125,
    10147.853515625,
    8883.029296875,
    18357.486328125,
    9061.6875,
    11328.3837890625,
    9041.6982421875,
    8906.78515625,
    8950.876953125,
    19824.86328125,
    8868.7197265625,
    8822.9677734375,
    19204.61328125,
    11422.96484375,
    9014.04296875,
    11738.2021484375,
    11607.953125,
    18268.33203125,
    9042.7529296875,
    9182.1416015625,
    8846.150390625,
    18357.94140625,
    9410.302734375,
    8940.626953125,
    8767.380859375,
    19314.625,
    18126.0625,
    17966.654296875,
    9211.4267578125,
    9755.8701171875,
    10474.087890625,
    9075.173828125,
    9051.8408203125,
    17447.62890625
  ],
  "true_energy": [
    5195.19091796875,
    11005.599609375,
    7192.44775390625,
    8964.3564453125,
    4666.83251953125,
    4656.60888671875,
    4996.4599609375,
    4432.96484375,
    5264.35986328125,
    4198.791015625,
    12295.6162109375,
    8351.22265625,
    17464.2109375,
    8107.60693359375,
    21537.607421875,
    4759.8623046875,
    15463.8251953125,
    9939.1376953125,
    4847.18505859375,
    8689.4716796875,
    4770.57080078125,
    20991.890625,
    4885.11865234375,
    4906.0302734375,
    4536.66796875,
    5258.50439453125,
    4835.91845703125,
    4842.525390625,
    12984.1845703125,
    10115.662109375,
    4481.54833984375,
    12325.701171875,
    12688.9189453125,
    5981.7158203125,
    5323.3896484375,
    5156.71484375,
    5110.1357421875,
    4972.91650390625,
    7080.2666015625,
    4382.44775390625,
    4762.0810546875,
    7879.93994140625,
    4760.962890625,
    5121.935546875,
    5849.875,
    9180.3671875,
    16766.240234375,
    5716.69482421875,
    8082.40625,
    4560.74609375
  ],
  "lengths": [
    250.0,
    250.0,
    250.0,
    250.0,
    250.0,
    250.0,
    250.0,
    250.0,
    250.0,
    250.0,
    250.0,
    250.0,
    250.0,
    250.0,
    250.0,
    250.0,
    250.0,
    250.0,
    250.0,
    250.0,
    250.0,
    250.0,
    250.0,
    250.0,
    250.0,
    250.0,
    250.0,
    250.0,
    250.0,
    250.0,
    250.0,
    250.0,
    250.0,
    250.0,
    250.0,
    250.0,
    250.0,
    250.0,
    250.0,
    250.0,
    250.0,
    250.0,
    250.0,
    250.0,
    250.0,
    250.0,
    250.0,
    250.0,
    250.0,
    250.0
  ]
}