{
  "label": "jointeffort123",
  "proxy_energy": [
    17164.068359375,
    17973.216796875,
    17820.59375,
    17024.412109375,
    9793.033203125,
    8343.53125,
    8689.6650390625,
    8202.0234375,
    19777.7109375,
    8552.8564453125,
    16823.294921875,
    8275.0302734375,
    9597.4423828125,
    18583.19140625,
    8321.3681640625,
    8366.189453125,
    8757.1435546875,
    17315.47265625,
    16791.939453125,
    8411.64453125,
    17061.466796875,
    18385.248046875,
    17464.939453125,
    8149.90185546875,
    8734.29296875,
    8651.7822265625,
    8099.85205078125,
    8326.169921875,
    17323.072265625,
    8723.8515625,
    20128.384765625,
    19955.373046875,
    8391.185546875,
    8205.55859375,
    18632.115234375,
    9104.134765625,
    9491.1572265625,
    8962.5244140625,
    17963.7109375,
    9083.623046875,
    8183.0498046875,
    8090.359375,
    8396.8359375,
    8388.5029296875,
    8409.3515625,
    18832.384765625,
    8905.37890625,
    19800.52734375,
    17891.939453125,
    9283.6748046875
  ],
  "true_energy": [
    7758.48388671875,
    5602.236328125,
    8069.7275390625,
    7251.18359375,
    11870.35546875,
    4100.029296875,
    3992.815185546875,
    3443.01611328125,
    6123.51220703125,
    5236.58349609375,
    4012.802734375,
    3618.412109375,
    11669.02734375,
    8448.193359375,
    4133.87158203125,
    3813.489013671875,
    5453.7509765625,
    6594.5712890625,
    3589.111083984375,
    4073.908203125,
    4170.8271484375,
    6000.3603515625,
    7332.67724609375,
    3971.199951171875,
    6333.1845703125,
    7900.02587890625,
    3493.988037109375,
    3825.39013671875,
    3885.613525390625,
    4765.7744140625,
    11660.53515625,
    11388.755859375,
    4210.63720703125,
    3654.119384765625,
    4825.048828125,
    6022.4599609375,
    10909.2841796875,
    5453.29931640625,
    4197.5615234375,
    10871.275390625,
    3491.22021484375,
    5783.4326171875,
    3951.253173828125,
    4099.58740234375,
    4058.198974609375,
    6334.94677734375,
    4812.57373046875,
    5472.51611328125,
    8550.921875,
    11500.041015625
  ],
  "lengths": [
    250.0,
    250.0,
    250.0,
    250.0,
    250.0,
    250.0,
    250.0,
    250.0,
    250.0,
    250.0,
    250.0,
    250.0,
    250.0,
    250.0,
    250.0,
    250.0,
    250.0,
    250.0,
    250.0,
    250.0,
    250.0,
    250.0,
    250.0,
    250.0,
    250.0,
    250.0,
    250.0,
    250.0,
    250.0,
    250.0,
    250.0,
    250.0,
    250.0,
    250.0,
    250.0,
    250.0,
    250.0,
    250.0,
    250.0,
    250.0,
    250.0,
    250.0,
    250.0,
    250.0,
    250.0,
    250.0,
    250.0,
    250.0,
    250.0,
    250.0
  ]
}