{
  "label": "jointeffort42",
  "proxy_energy": [
    8797.6923828125,
    17838.443359375,
    8561.0869140625,
    8752.8818359375,
    7786.8134765625,
    7553.896484375,
    8336.0283203125,
    8472.7900390625,
    7679.095703125,
    19809.8515625,
    8535.3896484375,
    8553.0068359375,
    8567.6005859375,
    8647.359375,
    8649.1328125,
    8605.982421875,
    8832.3818359375,
    8709.048828125,
    8780.564453125,
    8627.0166015625,
    8190.109375,
    8490.4453125,
    8707.265625,
    8635.126953125,
    19891.515625,
    8579.7470703125,
    8804.2509765625,
    8096.60400390625,
    8928.9912109375,
    7344.78466796875,
    8311.400390625,
    8863.48046875,
    8174.40380859375,
    16856.39453125,
    17795.990234375,
    7720.2080078125,
    18682.71875,
    8235.6025390625,
    18030.021484375,
    7799.06591796875,
    7887.8935546875,
    8793.0732421875,
    8437.6748046875,
    8575.7177734375,
    7464.2646484375,
    7662.25341796875,
    7915.07958984375,
    8837.03515625,
    8595.0146484375,
    7195.4326171875
  ],
  "true_energy": [
    3808.395263671875,
    4394.71435546875,
    3331.01416015625,
    3674.508544921875,
    2854.32666015625,
    2282.592041015625,
    2863.302734375,
    3793.07177734375,
    2694.75830078125,
    5494.79541015625,
    2573.0205078125,
    3464.896728515625,
    3119.96826171875,
    3420.797607421875,
    3585.698974609375,
    4172.6875,
    4224.39794921875,
    4112.1728515625,
    4218.03564453125,
    3166.06982421875,
    3024.380859375,
    3473.666748046875,
    3993.822998046875,
    3596.267822265625,
    6066.62646484375,
    3250.7265625,
    4472.30517578125,
    3160.2060546875,
    4310.00537109375,
    2682.604736328125,
    2924.65087890625,
    4295.09326171875,
    3323.359619140625,
    4622.216796875,
    3687.671630859375,
    2590.702392578125,
    4387.994140625,
    3148.387451171875,
    4418.1328125,
    2590.389404296875,
    2920.450439453125,
    4198.7236328125,
    3806.906005859375,
    2946.74951171875,
    2592.9716796875,
    2470.44775390625,
    3410.1376953125,
    4281.35009765625,
    4071.854736328125,
    2330.922119140625
  ],
  "lengths": [
    250.0,
    250.0,
    250.0,
    250.0,
    250.0,
    250.0,
    250.0,
    250.0,
    250.0,
    250.0,
    250.0,
    250.0,
    250.0,
    250.0,
    250.0,
    250.0,
    250.0,
    250.0,
    250.0,
    250.0,
    250.0,
    250.0,
    250.0,
    250.0,
    250.0,
    250.0,
    250.0,
    250.0,
    250.0,
    250.0,
    250.0,
    250.0,
    250.0,
    250.0,
    250.0,
    250.0,
    250.0,
    250.0,
    250.0,
    250.0,
    250.0,
    250.0,
    250.0,
    250.0,
    250.0,
    250.0,
    250.0,
    250.0,
    250.0,
    250.0
  ]
}