{
  "label": "jointeffortjerk123",
  "proxy_energy": [
    7309.2705078125,
    7450.43798828125,
    7588.96533203125,
    19204.1875,
    7543.12158203125,
    8380.642578125,
    8416.1884765625,
    8284.087890625,
    7586.21142578125,
    8385.41796875,
    7916.02392578125,
    8252.3046875,
    7836.84326171875,
    7498.146484375,
    8735.998046875,
    8380.19921875,
    7783.654296875,
    7842.5947265625,
    7535.1318359375,
    7667.9716796875,
    7515.4189453125,
    7373.75439453125,
    7095.10595703125,
    7751.33203125,
    7925.2763671875,
    7950.41748046875,
    7662.642578125,
    8175.822265625,
    7025.28076171875,
    8489.349609375,
    7203.306640625,
    7156.56103515625,
    8512.6845703125,
    7763.298828125,
    7456.9892578125,
    7813.7900390625,
    8662.369140625,
    8270.380859375,
    7176.8427734375,
    8002.63427734375,
    7145.52783203125,
    7264.39501953125,
    8233.3095703125,
    8380.6953125,
    8618.412109375,
    7343.771484375,
    8335.3515625,
    7635.6875,
    7484.03857421875,
    8367.580078125
  ],
  "true_energy": [
    3212.998291015625,
    3172.70361328125,
    3996.321533203125,
    4641.21435546875,
    3139.164306640625,
    3292.343505859375,
    3487.0859375,
    2502.558837890625,
    3812.36572265625,
    2841.475830078125,
    3450.61767578125,
    3097.588134765625,
    3152.1630859375,
    3145.838134765625,
    3751.78076171875,
    3166.243896484375,
    2522.11328125,
    3565.1279296875,
    3890.248291015625,
    2507.084228515625,
    2509.097412109375,
    3312.7607421875,
    3085.197509765625,
    2360.41357421875,
    3277.99609375,
    3767.671875,
    3235.8359375,
    2671.4541015625,
    4581.6298828125,
    3552.80029296875,
    2294.845947265625,
    2099.99462890625,
    3631.50927734375,
    2535.629638671875,
    2327.796142578125,
    4155.84326171875,
    5101.92724609375,
    3497.389404296875,
    2006.65380859375,
    2618.86962890625,
    2107.201416015625,
    4162.44287109375,
    2806.52685546875,
    2929.07861328125,
    3968.94677734375,
    3186.62841796875,
    3331.869140625,
    3558.166259765625,
    3389.818359375,
    2760.389892578125
  ],
  "lengths": [
    250.0,
    250.0,
    250.0,
    250.0,
    250.0,
    250.0,
    250.0,
    250.0,
    250.0,
    250.0,
    250.0,
    250.0,
    250.0,
    250.0,
    250.0,
    250.0,
    250.0,
    250.0,
    250.0,
    250.0,
    250.0,
    250.0,
    250.0,
    250.0,
    250.0,
    250.0,
    250.0,
    250.0,
    250.0,
    250.0,
    250.0,
    250.0,
    250.0,
    250.0,
    250.0,
    250.0,
    250.0,
    250.0,
    250.0,
    250.0,
    250.0,
    250.0,
    250.0,
    250.0,
    250.0,
    250.0,
    250.0,
    250.0,
    250.0,
    250.0
  ]
}